<?xml version="1.0" encoding="UTF-8"?>
<project version="4">
  <component name="BookmarksTool">
    <option name="myTreeState">
      <TreeState />
    </option>
  </component>
  <component name="ChangeListManager">
    <list default="true" id="c4695999-9fe5-4a48-a869-802a7e89484d" name="Default" comment="" />
    <option name="EXCLUDED_CONVERTED_TO_IGNORED" value="true" />
    <option name="TRACKING_ENABLED" value="true" />
    <option name="SHOW_DIALOG" value="false" />
    <option name="HIGHLIGHT_CONFLICTS" value="true" />
    <option name="HIGHLIGHT_NON_ACTIVE_CHANGELIST" value="false" />
    <option name="LAST_RESOLUTION" value="IGNORE" />
  </component>
  <component name="ConsoleHistory">
    <option name="tabs">
      <list>
        <TabState>
          <option name="title" value="Console" />
          <tab>
            <model ref="d1063e34-ba79-4386-90a5-e397c77a6b91/r:df8e7a4c-2210-4fe3-bc1b-dbc173933338(TempModuled1063e34-ba79-4386-90a5-e397c77a6b91/TempModel_660882359270284)">
              <persistence version="9" />
              <languages>
                <use id="de1ad86d-6e50-4a02-b306-d4d17f64c375" name="jetbrains.mps.console.base" version="0" />
                <use id="a5e4de53-46a3-44da-aab3-68fdf1c34ed0" name="jetbrains.mps.console.ideCommands" version="2" />
                <use id="995a7394-7f76-4b8b-a929-c53448708106" name="jetbrains.mps.console.internalCommands" version="0" />
                <use id="f26691d2-0def-4c06-aec6-2cb90c4af0a4" name="jetbrains.mps.console.scripts" version="0" />
                <devkit ref="fbc25dd2-5da4-483a-8b19-70928e1b62d7(jetbrains.mps.devkit.general-purpose)" />
              </languages>
              <imports>
                <import index="eynw" ref="r:359b1d2b-77c4-46df-9bf2-b25cbea32254(jetbrains.mps.console.base.structure)" />
                <import index="caxt" ref="r:135a606f-0376-4c5c-9ab8-4030f051a062(jetbrains.mps.console.ideCommands.structure)" />
                <import index="wns9" ref="r:90445206-a973-4c1d-b760-30e5c77b7497(jetbrains.mps.console.internalCommands.structure)" />
                <import index="z2sp" ref="r:e712f353-5c3c-4288-adce-87c956a52ffb(jetbrains.mps.console.scripts.structure)" />
              </imports>
              <registry>
                <language id="ceab5195-25ea-4f22-9b92-103b95ca8c0c" name="jetbrains.mps.lang.core">
                  <concept id="1169194658468" name="jetbrains.mps.lang.core.structure.INamedConcept" flags="ng" index="TrEIO">
                    <property id="1169194664001" name="name" index="TrG5h" />
                  </concept>
                </language>
                <language id="de1ad86d-6e50-4a02-b306-d4d17f64c375" name="jetbrains.mps.console.base">
                  <concept id="1583916890557930028" name="jetbrains.mps.console.base.structure.ConsoleRoot" flags="ng" index="aymSD">
                    <child id="1583916890557930415" name="history" index="aymYE" />
                    <child id="1583916890557930417" name="commandHolder" index="aymYO" />
                    <child id="9025248442620242919" name="cursor" index="1PhJh3" />
                  </concept>
                  <concept id="5758176878586720817" name="jetbrains.mps.console.base.structure.CommandHolderRef" flags="ng" index="2_V_lH">
                    <reference id="5758176878586720818" name="target" index="2_V_lI" />
                  </concept>
                  <concept id="351968380916615243" name="jetbrains.mps.console.base.structure.CommandHolder" flags="ng" index="2Clz$F" />
                  <concept id="757553790980850366" name="jetbrains.mps.console.base.structure.History" flags="ng" index="3balQm" />
                </language>
              </registry>
              <node concept="aymSD" id="3AEkniMd91P">
                <node concept="3balQm" id="3AEkniMd91Q" role="aymYE" />
                <node concept="2Clz$F" id="3AEkniMd91R" role="aymYO">
                  <property role="TrG5h" value="CommandHolder" />
                </node>
                <node concept="2_V_lH" id="3AEkniMd91S" role="1PhJh3">
                  <ref role="2_V_lI" node="3AEkniMd91R" resolve="CommandHolder" />
                </node>
              </node>
            </model>
          </tab>
        </TabState>
      </list>
    </option>
  </component>
  <component name="DefaultSearchOptions3">
    <search_options>
      <finders>
        <finders />
      </finders>
      <scope>
        <scope_type scope_type="PROJECT" module="&lt;default&gt;" model="&lt;default&gt;" />
      </scope>
      <view>
        <flags show_one_result="true" new_tab="false" />
      </view>
    </search_options>
  </component>
  <component name="FileEditorManager">
    <leaf />
  </component>
  <component name="Git.Settings">
    <option name="ROOT_SYNC" value="DONT_SYNC" />
  </component>
  <component name="MPSBookmarkManager">
    <option name="myBookmarkInfos">
      <array>
        <BookmarkInfo />
        <BookmarkInfo />
        <BookmarkInfo />
        <BookmarkInfo />
        <BookmarkInfo />
        <BookmarkInfo />
        <BookmarkInfo />
        <BookmarkInfo />
        <BookmarkInfo />
        <BookmarkInfo />
      </array>
    </option>
  </component>
  <component name="NodeEditorSearchHistory">
    <option name="searches">
      <list>
        <option value="output" />
      </list>
    </option>
  </component>
  <component name="ProjectFrameBounds" extendedState="7">
    <option name="x" value="-7" />
    <option name="y" value="9" />
    <option name="width" value="1364" />
    <option name="height" value="726" />
  </component>
  <component name="ProjectPluginManager">
    <option name="pluginsState">
      <option name="jetbrains.mps.baseLanguage.lightweightdsl.pluginSolution.plugin.PluginSolution_ProjectPlugin">
        <value>
          <PluginState />
        </value>
      </option>
      <option name="jetbrains.mps.editor.contextActionsTool.pluginSolution.plugin.PluginSolution_ProjectPlugin">
        <value>
          <PluginState />
        </value>
      </option>
      <option name="jetbrains.mps.execution.configurations.implementation.plugin.plugin.Plugin_ProjectPlugin">
        <value>
          <PluginState />
        </value>
      </option>
      <option name="jetbrains.mps.execution.configurations.pluginSolution.plugin.PluginSolution_ProjectPlugin">
        <value>
          <PluginState />
        </value>
      </option>
      <option name="jetbrains.mps.ide.actions.Ide_ProjectPlugin">
        <value>
          <PluginState>
            <option name="myComponentsState">
              <list>
                <ComponentState>
                  <option name="first" value="jetbrains.mps.ide.actions.BehaviorDialogsPersistentOptions_PreferencesComponent" />
                  <params>
                    <option name="addReturnsOnImplement" value="false" />
                    <option name="sortAlphabetically" value="false" />
                    <option name="removeAttributes" value="true" />
                  </params>
                </ComponentState>
              </list>
            </option>
          </PluginState>
        </value>
      </option>
      <option name="jetbrains.mps.ide.devkit.actions.Mpsdevkit_ProjectPlugin">
        <value>
          <PluginState />
        </value>
      </option>
      <option name="jetbrains.mps.ide.make.actions.Make_ProjectPlugin">
        <value>
          <PluginState />
        </value>
      </option>
    </option>
  </component>
  <component name="ProjectReloadState">
    <option name="STATE" value="1" />
  </component>
  <component name="ProjectView">
    <navigator proportions="" version="1">
      <foldersAlwaysOnTop value="true" />
    </navigator>
    <panes>
      <pane id="FileSystem">
        <subPane>
          <expand>
            <path>
              <item name="" type="" />
            </path>
            <path>
              <item name="" type="" />
              <item name="" type="" />
            </path>
            <path>
              <item name="" type="" />
              <item name="" type="" />
              <item name="" type="" />
            </path>
            <path>
              <item name="" type="" />
              <item name="" type="" />
              <item name="" type="" />
              <item name="" type="" />
            </path>
            <path>
              <item name="" type="" />
              <item name="" type="" />
              <item name="" type="" />
              <item name="" type="" />
              <item name="" type="" />
            </path>
            <path>
              <item name="" type="" />
              <item name="" type="" />
              <item name="" type="" />
              <item name="" type="" />
              <item name="" type="" />
              <item name="" type="" />
            </path>
          </expand>
          <select />
        </subPane>
      </pane>
      <pane id="Favorites" />
      <pane id="ProjectPane">
        <subPane>
          <PATH>
            <PATH_ELEMENT>
              <option name="myItemId" value="Project" />
              <option name="myItemType" value="" />
            </PATH_ELEMENT>
            <PATH_ELEMENT>
              <option name="myItemId" value="28a607c8-a430-4f67-acca-1c86cf7c6f69" />
              <option name="myItemType" value="" />
            </PATH_ELEMENT>
          </PATH>
          <PATH>
            <PATH_ELEMENT>
              <option name="myItemId" value="Project" />
              <option name="myItemType" value="" />
            </PATH_ELEMENT>
            <PATH_ELEMENT>
              <option name="myItemId" value="c5bf149d-e840-4863-943d-431a54c8f817(Mobile_language)" />
              <option name="myItemType" value="" />
            </PATH_ELEMENT>
            <PATH_ELEMENT>
              <option name="myItemId" value="Mobile_language#4160282296008658866" />
              <option name="myItemType" value="" />
            </PATH_ELEMENT>
          </PATH>
          <PATH>
            <PATH_ELEMENT>
              <option name="myItemId" value="Project" />
              <option name="myItemType" value="" />
            </PATH_ELEMENT>
            <PATH_ELEMENT>
              <option name="myItemId" value="28a607c8-a430-4f67-acca-1c86cf7c6f69" />
              <option name="myItemType" value="" />
            </PATH_ELEMENT>
            <PATH_ELEMENT>
              <option name="myItemId" value="Mobile_language" />
              <option name="myItemType" value="" />
            </PATH_ELEMENT>
          </PATH>
          <PATH>
            <PATH_ELEMENT>
              <option name="myItemId" value="Project" />
              <option name="myItemType" value="" />
            </PATH_ELEMENT>
            <PATH_ELEMENT>
              <option name="myItemId" value="c5bf149d-e840-4863-943d-431a54c8f817(Mobile_language)" />
              <option name="myItemType" value="" />
            </PATH_ELEMENT>
            <PATH_ELEMENT>
              <option name="myItemId" value="r:7f98ed50-824f-4790-9e8c-6db9fc00e025(Mobile_language.editor) in IdeaFile[file://C:/Users/Dell/Desktop/MPS/Mobile_15_05_2018/Mobile/languages/NewLanguage/models/editor.mps]" />
              <option name="myItemType" value="" />
            </PATH_ELEMENT>
          </PATH>
          <PATH>
            <PATH_ELEMENT>
              <option name="myItemId" value="Project" />
              <option name="myItemType" value="" />
            </PATH_ELEMENT>
            <PATH_ELEMENT>
              <option name="myItemId" value="c5bf149d-e840-4863-943d-431a54c8f817(Mobile_language)" />
              <option name="myItemType" value="" />
            </PATH_ELEMENT>
          </PATH>
          <PATH>
            <PATH_ELEMENT>
              <option name="myItemId" value="Project" />
              <option name="myItemType" value="" />
            </PATH_ELEMENT>
            <PATH_ELEMENT>
              <option name="myItemId" value="c5bf149d-e840-4863-943d-431a54c8f817(Mobile_language)" />
              <option name="myItemType" value="" />
            </PATH_ELEMENT>
            <PATH_ELEMENT>
              <option name="myItemId" value="all models" />
              <option name="myItemType" value="" />
            </PATH_ELEMENT>
          </PATH>
          <PATH>
            <PATH_ELEMENT>
              <option name="myItemId" value="Project" />
              <option name="myItemType" value="" />
            </PATH_ELEMENT>
            <PATH_ELEMENT>
              <option name="myItemId" value="c5bf149d-e840-4863-943d-431a54c8f817(Mobile_language)" />
              <option name="myItemType" value="" />
            </PATH_ELEMENT>
            <PATH_ELEMENT>
              <option name="myItemId" value="Mobile_language#4160282296008658866" />
              <option name="myItemType" value="" />
            </PATH_ELEMENT>
            <PATH_ELEMENT>
              <option name="myItemId" value="r:6298043a-01ec-4c67-bce7-297f1f8ca6af(main@generator) in IdeaFile[file://C:/Users/Dell/Desktop/MPS/Mobile_15_05_2018/Mobile/languages/NewLanguage/generator/template/main@generator.mps]" />
              <option name="myItemType" value="" />
            </PATH_ELEMENT>
          </PATH>
          <PATH>
            <PATH_ELEMENT>
              <option name="myItemId" value="Project" />
              <option name="myItemType" value="" />
            </PATH_ELEMENT>
          </PATH>
          <PATH>
            <PATH_ELEMENT>
              <option name="myItemId" value="Project" />
              <option name="myItemType" value="" />
            </PATH_ELEMENT>
            <PATH_ELEMENT>
              <option name="myItemId" value="28a607c8-a430-4f67-acca-1c86cf7c6f69" />
              <option name="myItemType" value="" />
            </PATH_ELEMENT>
            <PATH_ELEMENT>
              <option name="myItemId" value="Mobile_language" />
              <option name="myItemType" value="" />
            </PATH_ELEMENT>
            <PATH_ELEMENT>
              <option name="myItemId" value="r:b11cbd1c-9a19-4c05-a0d7-8e83939b9ec0(Mobile_language.sandbox) in IdeaFile[file://C:/Users/Dell/Desktop/MPS/Mobile_15_05_2018/Mobile/languages/NewLanguage/sandbox/models/Mobile_language.sandbox.mps]" />
              <option name="myItemType" value="" />
            </PATH_ELEMENT>
          </PATH>
          <SELECTED>
            <PATH_ELEMENT>
              <option name="myItemId" value="Project" />
              <option name="myItemType" value="" />
            </PATH_ELEMENT>
          </SELECTED>
        </subPane>
      </pane>
    </panes>
  </component>
  <component name="PropertiesComponent">
    <property name="last_opened_file_path" value="$PROJECT_DIR$" />
    <property name="settings.editor.selected.configurable" value="vcs.Git" />
  </component>
  <component name="RunDashboard">
    <option name="ruleStates">
      <list>
        <RuleState>
          <option name="name" value="ConfigurationTypeDashboardGroupingRule" />
        </RuleState>
        <RuleState>
          <option name="name" value="StatusDashboardGroupingRule" />
        </RuleState>
      </list>
    </option>
  </component>
  <component name="RunManager" selected="Java Application.p1">
    <configuration name="Tests in 'Mobile_language.sandbox'" type="JUnit Tests" factoryName="JUnit Tests" temporary="true">
      <MyState />
      <myJUnitSettings>
        <MyState>
          <option name="myModelRef" value="r:b11cbd1c-9a19-4c05-a0d7-8e83939b9ec0(Mobile_language.sandbox)" />
          <option name="myModuleRef" value="28a607c8-a430-4f67-acca-1c86cf7c6f69(Mobile_language.sandbox)" />
          <option name="myInProcess" value="false" />
          <option name="myReuseCaches" value="true" />
          <option name="myOverrideCachesLocation" value="false" />
          <option name="myDebug" value="false" />
          <option name="myCachesPath" value="C:\Users\Dell\AppData\Local\Temp\mps_test_dir0" />
          <option name="myTestCases">
            <list />
          </option>
          <option name="myTestMethods">
            <list />
          </option>
          <option name="myRunType" value="2" />
        </MyState>
      </myJUnitSettings>
      <myJavaRunParameters>
        <MyState>
          <option name="myJavaRunParameters">
            <JavaRunParameters>
              <option name="jrePath" />
              <option name="programParameters" />
              <option name="useAlternativeJre" value="false" />
              <option name="vmOptions" />
              <option name="workingDirectory" value="C:\Program Files (x86)\JetBrains\MPS 2018.1" />
            </JavaRunParameters>
          </option>
        </MyState>
      </myJavaRunParameters>
    </configuration>
    <configuration name="perfor" type="JUnit Tests" factoryName="JUnit Tests" temporary="true">
      <MyState />
      <myJUnitSettings>
        <MyState>
          <option name="myModelRef" />
          <option name="myModuleRef" />
          <option name="myInProcess" value="false" />
          <option name="myReuseCaches" value="true" />
          <option name="myOverrideCachesLocation" value="false" />
          <option name="myDebug" value="false" />
          <option name="myCachesPath" value="C:\Users\Dell\AppData\Local\Temp\mps_test_dir0" />
          <option name="myTestCases">
            <list />
          </option>
          <option name="myTestMethods">
            <list />
          </option>
          <option name="myRunType" value="0" />
        </MyState>
      </myJUnitSettings>
      <myJavaRunParameters>
        <MyState>
          <option name="myJavaRunParameters">
            <JavaRunParameters>
              <option name="jrePath" value="" />
              <option name="programParameters" value="" />
              <option name="useAlternativeJre" value="false" />
              <option name="vmOptions" value="" />
              <option name="workingDirectory" value="C:\Program Files (x86)\JetBrains\MPS 2018.1" />
            </JavaRunParameters>
          </option>
        </MyState>
      </myJavaRunParameters>
    </configuration>
    <configuration name="costmobile" type="Java Application" factoryName="Java" temporary="true">
      <MyState />
      <myNode>
        <MyState>
          <option name="myNodePointer" value="r:b11cbd1c-9a19-4c05-a0d7-8e83939b9ec0(Mobile_language.sandbox)/4160282296009597918" />
          <option name="myNodeText" value="Mobile_language.sandbox.CostOfMobile" />
        </MyState>
      </myNode>
      <myRunParameters>
        <MyState>
          <option name="myJavaRunParameters">
            <JavaRunParameters>
              <option name="jrePath" value="" />
              <option name="programParameters" value="" />
              <option name="useAlternativeJre" value="false" />
              <option name="vmOptions" value="" />
              <option name="workingDirectory" value="C:\Program Files (x86)\JetBrains\MPS 2018.1" />
            </JavaRunParameters>
          </option>
        </MyState>
      </myRunParameters>
    </configuration>
    <configuration name="p1" type="Java Application" factoryName="Java">
      <MyState />
      <myNode>
        <MyState>
          <option name="myNodePointer" value="r:b11cbd1c-9a19-4c05-a0d7-8e83939b9ec0(Mobile_language.sandbox)/868459231871888582" />
          <option name="myNodeText" value="Mobile_language.sandbox.PerformanceMatrix" />
        </MyState>
      </myNode>
      <myRunParameters>
        <MyState>
          <option name="myJavaRunParameters">
            <JavaRunParameters>
              <option name="jrePath" value="" />
              <option name="programParameters" value="" />
              <option name="useAlternativeJre" value="false" />
              <option name="vmOptions" value="" />
              <option name="workingDirectory" value="$PROJECT_DIR$" />
            </JavaRunParameters>
          </option>
        </MyState>
      </myRunParameters>
    </configuration>
    <configuration name="performance" type="Java Application" factoryName="Java">
      <MyState />
      <myNode>
        <MyState>
          <option name="myNodePointer" value="r:b11cbd1c-9a19-4c05-a0d7-8e83939b9ec0(Mobile_language.sandbox)/868459231871888582" />
          <option name="myNodeText" value="Mobile_language.sandbox.PerformanceMatrix" />
        </MyState>
      </myNode>
      <myRunParameters>
        <MyState>
          <option name="myJavaRunParameters">
            <JavaRunParameters>
              <option name="jrePath" value="" />
              <option name="programParameters" value="" />
              <option name="useAlternativeJre" value="false" />
              <option name="vmOptions" value="" />
              <option name="workingDirectory" value="C:\Program Files (x86)\JetBrains\MPS 2018.1" />
            </JavaRunParameters>
          </option>
        </MyState>
      </myRunParameters>
    </configuration>
    <configuration name="&lt;template&gt;" type="Applet" default="true" selected="false">
      <option name="MAIN_CLASS_NAME" />
      <option name="HTML_FILE_NAME" />
      <option name="HTML_USED" value="false" />
      <option name="WIDTH" value="400" />
      <option name="HEIGHT" value="300" />
      <option name="POLICY_FILE" value="$APPLICATION_HOME_DIR$/bin/appletviewer.policy" />
      <option name="VM_PARAMETERS" />
    </configuration>
    <configuration name="&lt;template&gt;" type="Application" default="true" selected="false">
      <option name="MAIN_CLASS_NAME" />
      <option name="VM_PARAMETERS" />
      <option name="PROGRAM_PARAMETERS" />
      <option name="WORKING_DIRECTORY" value="$PROJECT_DIR$" />
    </configuration>
    <configuration name="&lt;template&gt;" type="JUnit" default="true" selected="false">
      <option name="MAIN_CLASS_NAME" />
      <option name="VM_PARAMETERS" value="-ea" />
      <option name="PARAMETERS" />
      <option name="WORKING_DIRECTORY" value="%MODULE_WORKING_DIR%" />
    </configuration>
    <configuration name="&lt;template&gt;" type="Remote" default="true" selected="false">
      <option name="USE_SOCKET_TRANSPORT" value="true" />
      <option name="SHMEM_ADDRESS" value="javadebug" />
      <option name="HOST" value="localhost" />
      <option name="PORT" value="5005" />
    </configuration>
    <configuration name="&lt;template&gt;" type="TestNG" default="true" selected="false">
      <option name="MAIN_CLASS_NAME" />
      <option name="VM_PARAMETERS" value="-ea" />
      <option name="PARAMETERS" />
      <option name="WORKING_DIRECTORY" value="%MODULE_WORKING_DIR%" />
    </configuration>
    <configuration name="&lt;template&gt;" type="#org.jetbrains.idea.devkit.run.PluginConfigurationType" default="true" selected="false">
      <option name="VM_PARAMETERS" value="-Xmx512m -Xms256m -XX:MaxPermSize=250m -ea" />
    </configuration>
    <list>
      <item itemvalue="Java Application.performance" />
      <item itemvalue="Java Application.p1" />
      <item itemvalue="Java Application.costmobile" />
      <item itemvalue="JUnit Tests.Tests in 'Mobile_language.sandbox'" />
      <item itemvalue="JUnit Tests.perfor" />
    </list>
    <recent_temporary>
      <list>
        <item itemvalue="Java Application.costmobile" />
        <item itemvalue="JUnit Tests.perfor" />
        <item itemvalue="JUnit Tests.Tests in 'Mobile_language.sandbox'" />
      </list>
    </recent_temporary>
  </component>
  <component name="SvnConfiguration">
    <configuration />
  </component>
  <component name="ToolWindowManager">
    <frame x="-8" y="-8" width="1376" height="744" extended-state="6" />
    <layout>
      <window_info anchor="bottom" id="Bookmarks" order="7" />
      <window_info anchor="bottom" id="Model Checker" order="7" sideWeight="0.50303954" weight="0.32385466" />
      <window_info anchor="bottom" id="Menu Trace" order="7" />
      <window_info anchor="bottom" id="Migration" order="7" />
      <window_info anchor="bottom" id="Event Log" order="7" sideWeight="0.48708206" side_tool="true" visible="true" weight="0.19905214" />
      <window_info anchor="bottom" id="Generation Tracer" order="7" />
      <window_info anchor="right" content_ui="combo" id="Hierarchy" order="2" weight="0.25" />
      <window_info anchor="right" id="Class Hierarchy" order="3" />
      <window_info anchor="bottom" id="Module Dependencies" order="7" />
      <window_info anchor="bottom" id="Console" order="7" sideWeight="0.49772036" weight="0.328594" />
      <window_info anchor="bottom" id="Inspector" order="7" sideWeight="0.54026353" side_tool="true" weight="0.3294964" />
      <window_info id="Structure" order="1" sideWeight="0.50236964" side_tool="true" weight="0.2963526" />
      <window_info anchor="bottom" id="Usages" order="7" />
      <window_info anchor="bottom" id="Debug" order="3" weight="0.23854661" />
      <window_info anchor="bottom" id="TODO" order="6" />
      <window_info anchor="bottom" id="Messages" order="7" sideWeight="0.45516717" weight="0.3301738" />
      <window_info anchor="right" id="Context Actions" order="6" weight="0.32978722" />
      <window_info anchor="bottom" id="Version Control" order="7" show_stripe_button="false" />
      <window_info anchor="bottom" id="Run" order="2" sideWeight="0.51291794" visible="true" weight="0.19905214" />
      <window_info anchor="bottom" id="RefactoringView" order="7" />
      <window_info anchor="bottom" id="Node Explorer" order="7" sideWeight="0.4536474" weight="0.6729858" />
      <window_info anchor="bottom" id="Typechecker State" order="7" />
      <window_info anchor="bottom" id="Terminal" order="7" sideWeight="0.49772036" weight="0.328594" />
      <window_info anchor="right" id="Supertypes" order="4" />
      <window_info active="true" content_ui="combo" id="Project" order="0" sideWeight="0.49763033" visible="true" weight="0.34042552" />
      <window_info anchor="right" id="Typesystem Trace" order="5" />
      <window_info anchor="bottom" id="Classpath Explorer" order="7" />
      <window_info anchor="bottom" id="Cell Explorer" order="7" />
      <window_info anchor="bottom" id="Dependencies Viewer" order="7" />
      <window_info anchor="right" id="Commander" order="0" weight="0.4" />
      <window_info anchor="bottom" id="Message" order="0" />
      <window_info anchor="bottom" id="Cvs" order="4" weight="0.25" />
      <window_info anchor="right" id="Ant Build" order="1" weight="0.25" />
      <window_info anchor="bottom" id="Inspection" order="5" weight="0.4" />
      <window_info anchor="bottom" id="Find" order="1" />
    </layout>
    <layout-to-restore>
      <window_info anchor="bottom" id="Model Checker" order="7" sideWeight="0.505295" weight="0.32385466" />
      <window_info anchor="bottom" id="Bookmarks" order="8" />
      <window_info anchor="right" id="Class Hierarchy" order="3" />
      <window_info anchor="bottom" id="Migration" order="9" />
      <window_info anchor="bottom" id="Run" order="2" sideWeight="0.52420574" weight="0.32543445" />
      <window_info anchor="bottom" id="Cvs" order="4" weight="0.25" />
      <window_info anchor="right" id="Ant Build" order="1" weight="0.25" />
      <window_info anchor="bottom" id="Menu Trace" order="10" />
      <window_info anchor="right" id="Typesystem Trace" order="5" />
      <window_info anchor="bottom" id="Terminal" order="11" sideWeight="0.49848023" weight="0.328594" />
      <window_info anchor="bottom" id="Event Log" order="12" sideWeight="0.5987842" side_tool="true" weight="0.34755135" />
      <window_info anchor="right" id="Supertypes" order="4" />
      <window_info anchor="right" id="Commander" order="0" weight="0.4" />
      <window_info anchor="bottom" id="Generation Tracer" order="18" />
      <window_info anchor="right" id="Context Actions" order="6" weight="0.32978722" />
      <window_info anchor="bottom" id="Classpath Explorer" order="13" />
      <window_info anchor="right" content_ui="combo" id="Hierarchy" order="2" weight="0.25" />
      <window_info anchor="bottom" id="Usages" order="14" />
      <window_info anchor="bottom" id="Node Explorer" order="15" sideWeight="0.49924013" weight="0.328594" />
      <window_info anchor="bottom" id="Module Dependencies" order="16" />
      <window_info anchor="bottom" id="Version Control" order="17" show_stripe_button="false" />
      <window_info anchor="bottom" id="Cell Explorer" order="19" />
      <window_info id="Structure" order="1" sideWeight="0.50236964" side_tool="true" weight="0.2963526" />
      <window_info active="true" content_ui="combo" id="Project" order="0" sideWeight="0.49763033" visible="true" weight="0.31990883" />
      <window_info anchor="bottom" id="Messages" order="20" sideWeight="0.41906202" visible="true" weight="0.33175355" />
      <window_info anchor="bottom" id="Message" order="0" />
      <window_info anchor="bottom" id="TODO" order="6" />
      <window_info anchor="bottom" id="Typechecker State" order="21" />
      <window_info anchor="bottom" id="Console" order="22" sideWeight="0.49848023" weight="0.328594" />
      <window_info anchor="bottom" id="RefactoringView" order="23" />
      <window_info anchor="bottom" id="Inspection" order="5" weight="0.4" />
      <window_info anchor="bottom" id="Inspector" order="24" sideWeight="0.580938" side_tool="true" weight="0.33175355" />
      <window_info anchor="bottom" id="Find" order="1" />
      <window_info anchor="bottom" id="Dependencies Viewer" order="25" />
      <window_info anchor="bottom" id="Debug" order="3" weight="0.23854661" />
    </layout-to-restore>
  </component>
  <component name="UsagesViewTool">
    <version id="1" />
    <tabs />
    <default_view_options>
      <options category_option="false" module_option="true" model_option="true" root_option="true" path_option="false" count_option="true" info_option="true" view_searched_nodes_option="true" group_searched_nodes_option="true" autoscroll_option="false" />
    </default_view_options>
  </component>
  <component name="VcsContentAnnotationSettings">
    <option name="myLimit" value="2678400000" />
  </component>
  <component name="editorHistoryManager">
    <entry file="mps://node://jetbrains.mps.baseLanguage/jetbrains.mps.baseLanguage.structure/ClassConcept">
      <provider selected="true" editor-type-id="MPSFileEditor">
        <state class="jetbrains.mps.ide.editor.tabs.TabbedEditor$TabbedEditorState" editorFocused="true">
          <memento saveSessionState="false" viewPositionX="0" viewPositionY="0">
            <selectionStack>
              <stackElement className="jetbrains.mps.nodeEditor.selection.EditorCellLabelSelection">
                <property name="hasNonTrivialSelection" value="false" />
                <property name="caretX" value="71" />
                <property name="caretXRelative" value="56" />
                <property name="sideSelectDirection" value="NONE" />
                <cellInfo cellId="Constant_ueqr71_c0a">
                  <node node_reference="r:00000000-0000-4000-0000-011c895902ca(jetbrains.mps.baseLanguage.structure)/1068390468198" />
                </cellInfo>
              </stackElement>
            </selectionStack>
            <errorMarkers />
            <transactionalProperties />
            <foldable />
            <restoreAlways />
          </memento>
          <inspectorMemento currentlyEditedNode="r:00000000-0000-4000-0000-011c895902ca(jetbrains.mps.baseLanguage.structure)/1068390468198" saveSessionState="false" viewPositionX="0" viewPositionY="0">
            <selectionStack />
            <errorMarkers />
            <transactionalProperties />
            <foldable />
            <restoreAlways />
            <enabledHints />
          </inspectorMemento>
          <node node_ref="r:00000000-0000-4000-0000-011c895902ca(jetbrains.mps.baseLanguage.structure)/1068390468198" />
        </state>
      </provider>
    </entry>
    <entry file="mps://node://Mobile_language/Mobile_language.structure/Processor">
      <provider selected="true" editor-type-id="MPSFileEditor">
        <state class="jetbrains.mps.ide.editor.tabs.TabbedEditor$TabbedEditorState" editorFocused="true">
          <memento saveSessionState="false" viewPositionX="0" viewPositionY="0">
            <selectionStack>
              <stackElement className="jetbrains.mps.nodeEditor.selection.EditorCellLabelSelection">
                <property name="hasNonTrivialSelection" value="false" />
                <property name="caretX" value="71" />
                <property name="caretXRelative" value="56" />
                <property name="sideSelectDirection" value="NONE" />
                <cellInfo cellId="Constant_ueqr71_c0a">
                  <node node_reference="r:dad244af-33cd-42a3-a6ad-306df5e2797f(Mobile_language.structure)/8581169171145215913" />
                </cellInfo>
              </stackElement>
            </selectionStack>
            <errorMarkers />
            <transactionalProperties />
            <foldable />
            <restoreAlways />
          </memento>
          <inspectorMemento currentlyEditedNode="r:dad244af-33cd-42a3-a6ad-306df5e2797f(Mobile_language.structure)/8581169171145215913" saveSessionState="false" viewPositionX="0" viewPositionY="0">
            <selectionStack />
            <errorMarkers />
            <transactionalProperties />
            <foldable />
            <restoreAlways />
            <enabledHints />
          </inspectorMemento>
          <node node_ref="r:dad244af-33cd-42a3-a6ad-306df5e2797f(Mobile_language.structure)/8581169171145215913" />
        </state>
      </provider>
    </entry>
    <entry file="mps://node://Mobile_language/Mobile_language.structure/mobileFeatures">
      <provider selected="true" editor-type-id="MPSFileEditor">
        <state class="jetbrains.mps.ide.editor.tabs.TabbedEditor$TabbedEditorState">
          <memento saveSessionState="false" viewPositionX="0" viewPositionY="0">
            <selectionStack>
              <stackElement className="jetbrains.mps.nodeEditor.selection.EditorCellLabelSelection">
                <property name="hasNonTrivialSelection" value="false" />
                <property name="caretX" value="71" />
                <property name="caretXRelative" value="56" />
                <property name="sideSelectDirection" value="NONE" />
                <cellInfo cellId="Constant_ueqr71_c0a">
                  <node node_reference="r:dad244af-33cd-42a3-a6ad-306df5e2797f(Mobile_language.structure)/6924493648260881472" />
                </cellInfo>
              </stackElement>
            </selectionStack>
            <errorMarkers />
            <transactionalProperties />
            <foldable />
            <restoreAlways />
          </memento>
          <inspectorMemento currentlyEditedNode="r:dad244af-33cd-42a3-a6ad-306df5e2797f(Mobile_language.structure)/6924493648260881472" saveSessionState="false" viewPositionX="0" viewPositionY="0">
            <selectionStack />
            <errorMarkers />
            <transactionalProperties />
            <foldable />
            <restoreAlways />
            <enabledHints />
          </inspectorMemento>
          <node node_ref="r:dad244af-33cd-42a3-a6ad-306df5e2797f(Mobile_language.structure)/6924493648260881472" />
        </state>
      </provider>
    </entry>
    <entry file="mps://node://Mobile_language.sandbox/Mobile_language.sandbox/&lt;no name&gt;[Mobile]" />
    <entry file="mps://node://Mobile_language/Mobile_language.structure/OS">
      <provider selected="true" editor-type-id="MPSFileEditor">
        <state class="jetbrains.mps.ide.editor.tabs.TabbedEditor$TabbedEditorState">
          <memento saveSessionState="false" viewPositionX="0" viewPositionY="0">
            <selectionStack>
              <stackElement className="jetbrains.mps.nodeEditor.selection.EditorCellLabelSelection">
                <property name="hasNonTrivialSelection" value="false" />
                <property name="caretX" value="71" />
                <property name="caretXRelative" value="56" />
                <property name="sideSelectDirection" value="NONE" />
                <cellInfo cellId="Constant_ueqr71_c0a">
                  <node node_reference="r:dad244af-33cd-42a3-a6ad-306df5e2797f(Mobile_language.structure)/6924493648260688991" />
                </cellInfo>
              </stackElement>
            </selectionStack>
            <errorMarkers />
            <transactionalProperties />
            <foldable />
            <restoreAlways />
          </memento>
          <inspectorMemento currentlyEditedNode="r:dad244af-33cd-42a3-a6ad-306df5e2797f(Mobile_language.structure)/6924493648260688991" saveSessionState="false" viewPositionX="0" viewPositionY="0">
            <selectionStack />
            <errorMarkers />
            <transactionalProperties />
            <foldable />
            <restoreAlways />
            <enabledHints />
          </inspectorMemento>
          <node node_ref="r:dad244af-33cd-42a3-a6ad-306df5e2797f(Mobile_language.structure)/6924493648260688991" />
        </state>
      </provider>
    </entry>
    <entry file="mps://node://Mobile_language#4160282296008658866/main@generator/null" />
    <entry file="mps://node://Mobile_language.sandbox/Mobile_language.sandbox/&lt;no name&gt;[Performance]" />
    <entry file="mps://node://Mobile_language/Mobile_language.structure/&lt;no name&gt;[ConceptDeclaration]" />
    <entry file="mps://node://Mobile_language/Mobile_language.structure/Memory">
      <provider selected="true" editor-type-id="MPSFileEditor">
        <state class="jetbrains.mps.ide.editor.tabs.TabbedEditor$TabbedEditorState">
          <memento saveSessionState="false" viewPositionX="0" viewPositionY="0">
            <selectionStack>
              <stackElement className="jetbrains.mps.nodeEditor.selection.EditorCellLabelSelection">
                <property name="hasNonTrivialSelection" value="false" />
                <property name="caretX" value="71" />
                <property name="caretXRelative" value="56" />
                <property name="sideSelectDirection" value="NONE" />
                <cellInfo cellId="Constant_ueqr71_c0a">
                  <node node_reference="r:dad244af-33cd-42a3-a6ad-306df5e2797f(Mobile_language.structure)/8581169171146870087" />
                </cellInfo>
              </stackElement>
            </selectionStack>
            <errorMarkers />
            <transactionalProperties />
            <foldable />
            <restoreAlways />
          </memento>
          <inspectorMemento currentlyEditedNode="r:b11cbd1c-9a19-4c05-a0d7-8e83939b9ec0(Mobile_language.sandbox)/868459231871888647" saveSessionState="false" viewPositionX="0" viewPositionY="0">
            <selectionStack />
            <errorMarkers />
            <transactionalProperties />
            <foldable />
            <restoreAlways />
            <enabledHints />
          </inspectorMemento>
          <node node_ref="r:dad244af-33cd-42a3-a6ad-306df5e2797f(Mobile_language.structure)/8581169171146870087" />
        </state>
      </provider>
    </entry>
    <entry file="mps://node://Mobile_language/Mobile_language.structure/RAM">
      <provider selected="true" editor-type-id="MPSFileEditor">
        <state class="jetbrains.mps.ide.editor.tabs.TabbedEditor$TabbedEditorState">
          <memento saveSessionState="false" viewPositionX="0" viewPositionY="0">
            <selectionStack>
              <stackElement className="jetbrains.mps.nodeEditor.selection.EditorCellLabelSelection">
                <property name="hasNonTrivialSelection" value="false" />
                <property name="caretX" value="71" />
                <property name="caretXRelative" value="56" />
                <property name="sideSelectDirection" value="NONE" />
                <cellInfo cellId="Constant_ueqr71_c0a">
                  <node node_reference="r:dad244af-33cd-42a3-a6ad-306df5e2797f(Mobile_language.structure)/6924493648261084358" />
                </cellInfo>
              </stackElement>
            </selectionStack>
            <errorMarkers />
            <transactionalProperties />
            <foldable />
            <restoreAlways />
          </memento>
          <inspectorMemento currentlyEditedNode="r:b11cbd1c-9a19-4c05-a0d7-8e83939b9ec0(Mobile_language.sandbox)/868459231871888647" saveSessionState="false" viewPositionX="0" viewPositionY="0">
            <selectionStack />
            <errorMarkers />
            <transactionalProperties />
            <foldable />
            <restoreAlways />
            <enabledHints />
          </inspectorMemento>
          <node node_ref="r:dad244af-33cd-42a3-a6ad-306df5e2797f(Mobile_language.structure)/6924493648261084358" />
        </state>
      </provider>
    </entry>
    <entry file="mps://node://Mobile_language.sandbox/Mobile_language.sandbox/Performance" />
    <entry file="mps://node://Mobile_language.sandbox/Mobile_language.sandbox/&lt;no name&gt;[Performance]" />
    <entry file="mps://node://Mobile_language.sandbox/Mobile_language.sandbox/&lt;no name&gt;[Performance]" />
    <entry file="mps://node://Mobile_language.sandbox/Mobile_language.sandbox/Performance" />
    <entry file="mps://node://Mobile_language.sandbox/Mobile_language.sandbox/Performance" />
    <entry file="mps://node://Mobile_language.sandbox/Mobile_language.sandbox/Performance" />
    <entry file="mps://node://Mobile_language.sandbox/Mobile_language.sandbox/Performance" />
    <entry file="mps://node://Mobile_language.sandbox/Mobile_language.sandbox/Performance" />
    <entry file="mps://node://Mobile_language.sandbox/Mobile_language.sandbox/Performance" />
    <entry file="mps://node://Mobile_language.sandbox/Mobile_language.sandbox/Performance" />
    <entry file="mps://node://Mobile_language.sandbox/Mobile_language.sandbox/&lt;no name&gt;[Performance]" />
    <entry file="mps://node://Mobile_language.sandbox/Mobile_language.sandbox/&lt;no name&gt;[Performance]" />
    <entry file="mps://node://Mobile_language/Mobile_language.structure/CameraType">
      <provider selected="true" editor-type-id="MPSFileEditor">
        <state class="jetbrains.mps.ide.editor.tabs.TabbedEditor$TabbedEditorState">
          <memento saveSessionState="false" viewPositionX="0" viewPositionY="13">
            <selectionStack>
              <stackElement className="jetbrains.mps.nodeEditor.selection.EditorCellLabelSelection">
                <property name="hasNonTrivialSelection" value="false" />
                <property name="caretX" value="255" />
                <property name="caretXRelative" value="80" />
                <property name="sideSelectDirection" value="NONE" />
                <cellInfo cellId="ALIAS_EDITOR_COMPONENT">
                  <node node_reference="r:e54ff144-e3d1-4174-801b-c2b4ec718344(Mobile_language.constraints)/3185493342858284639" />
                </cellInfo>
              </stackElement>
            </selectionStack>
            <errorMarkers />
            <transactionalProperties />
            <foldable>
              <collapsedElement isCollapsed="false">
                <cellIdElement cellId="Collection_trik0f_b0">
                  <node node_reference="r:e54ff144-e3d1-4174-801b-c2b4ec718344(Mobile_language.constraints)/3185493342857563973" />
                </cellIdElement>
              </collapsedElement>
              <collapsedElement isCollapsed="false">
                <cellIdElement cellId="Collection_trik0f_b0">
                  <node node_reference="r:e54ff144-e3d1-4174-801b-c2b4ec718344(Mobile_language.constraints)/3185493342857563961" />
                </cellIdElement>
              </collapsedElement>
              <collapsedElement isCollapsed="false">
                <cellIdElement cellId="Collection_trik0f_b0">
                  <node node_reference="r:e54ff144-e3d1-4174-801b-c2b4ec718344(Mobile_language.constraints)/3185493342857565107" />
                </cellIdElement>
              </collapsedElement>
            </foldable>
            <restoreAlways>
              <collapsedElement isCollapsed="false">
                <cellIdElement cellId="Collection_trik0f_b0">
                  <node node_reference="r:e54ff144-e3d1-4174-801b-c2b4ec718344(Mobile_language.constraints)/3185493342857563973" />
                </cellIdElement>
              </collapsedElement>
            </restoreAlways>
          </memento>
          <inspectorMemento currentlyEditedNode="r:b11cbd1c-9a19-4c05-a0d7-8e83939b9ec0(Mobile_language.sandbox)/4160282296009597918" saveSessionState="false" viewPositionX="0" viewPositionY="0">
            <selectionStack />
            <errorMarkers />
            <transactionalProperties />
            <foldable />
            <restoreAlways />
            <enabledHints />
          </inspectorMemento>
          <node node_ref="r:e54ff144-e3d1-4174-801b-c2b4ec718344(Mobile_language.constraints)/3185493342857563850" />
        </state>
      </provider>
    </entry>
    <entry file="mps://node://Mobile_language/Mobile_language.structure/MemoryType">
      <provider selected="true" editor-type-id="MPSFileEditor">
        <state class="jetbrains.mps.ide.editor.tabs.TabbedEditor$TabbedEditorState">
          <memento saveSessionState="false" viewPositionX="0" viewPositionY="0">
            <selectionStack>
              <stackElement className="jetbrains.mps.nodeEditor.selection.EditorCellLabelSelection">
                <property name="hasNonTrivialSelection" value="false" />
                <property name="caretX" value="263" />
                <property name="caretXRelative" value="80" />
                <property name="sideSelectDirection" value="NONE" />
                <cellInfo cellId="property_name">
                  <node node_reference="r:e54ff144-e3d1-4174-801b-c2b4ec718344(Mobile_language.constraints)/3185493342857584602" />
                </cellInfo>
              </stackElement>
            </selectionStack>
            <errorMarkers />
            <transactionalProperties />
            <foldable>
              <collapsedElement isCollapsed="false">
                <cellIdElement cellId="Collection_trik0f_b0">
                  <node node_reference="r:e54ff144-e3d1-4174-801b-c2b4ec718344(Mobile_language.constraints)/3185493342857588818" />
                </cellIdElement>
              </collapsedElement>
              <collapsedElement isCollapsed="false">
                <cellIdElement cellId="Collection_trik0f_b0">
                  <node node_reference="r:e54ff144-e3d1-4174-801b-c2b4ec718344(Mobile_language.constraints)/3185493342857584603" />
                </cellIdElement>
              </collapsedElement>
            </foldable>
            <restoreAlways />
          </memento>
          <inspectorMemento currentlyEditedNode="r:7f98ed50-824f-4790-9e8c-6db9fc00e025(Mobile_language.editor)/4410325816010124060" saveSessionState="false" viewPositionX="0" viewPositionY="0">
            <selectionStack />
            <errorMarkers />
            <transactionalProperties />
            <foldable />
            <restoreAlways />
            <enabledHints />
          </inspectorMemento>
          <node node_ref="r:e54ff144-e3d1-4174-801b-c2b4ec718344(Mobile_language.constraints)/3185493342857584602" />
        </state>
      </provider>
    </entry>
    <entry file="mps://node://Mobile_language/Mobile_language.structure/RAMType">
      <provider selected="true" editor-type-id="MPSFileEditor">
        <state class="jetbrains.mps.ide.editor.tabs.TabbedEditor$TabbedEditorState">
          <memento saveSessionState="false" viewPositionX="0" viewPositionY="0">
            <selectionStack>
              <stackElement className="jetbrains.mps.nodeEditor.selection.EditorCellLabelSelection">
                <property name="hasNonTrivialSelection" value="false" />
                <property name="caretX" value="239" />
                <property name="caretXRelative" value="56" />
                <property name="sideSelectDirection" value="NONE" />
                <cellInfo cellId="property_name">
                  <node node_reference="r:e54ff144-e3d1-4174-801b-c2b4ec718344(Mobile_language.constraints)/3185493342857626765" />
                </cellInfo>
              </stackElement>
            </selectionStack>
            <errorMarkers />
            <transactionalProperties />
            <foldable>
              <collapsedElement isCollapsed="false">
                <cellIdElement cellId="Collection_trik0f_b0">
                  <node node_reference="r:e54ff144-e3d1-4174-801b-c2b4ec718344(Mobile_language.constraints)/3185493342857630871" />
                </cellIdElement>
              </collapsedElement>
              <collapsedElement isCollapsed="false">
                <cellIdElement cellId="Collection_trik0f_b0">
                  <node node_reference="r:e54ff144-e3d1-4174-801b-c2b4ec718344(Mobile_language.constraints)/3185493342857626766" />
                </cellIdElement>
              </collapsedElement>
            </foldable>
            <restoreAlways />
          </memento>
          <inspectorMemento currentlyEditedNode="r:dad244af-33cd-42a3-a6ad-306df5e2797f(Mobile_language.structure)/8581169171146337124" saveSessionState="false" viewPositionX="0" viewPositionY="0">
            <selectionStack />
            <errorMarkers />
            <transactionalProperties />
            <foldable />
            <restoreAlways />
            <enabledHints />
          </inspectorMemento>
          <node node_ref="r:e54ff144-e3d1-4174-801b-c2b4ec718344(Mobile_language.constraints)/3185493342857626765" />
        </state>
      </provider>
    </entry>
    <entry file="mps://node://Mobile_language/Mobile_language.structure/SIMType">
      <provider selected="true" editor-type-id="MPSFileEditor">
        <state class="jetbrains.mps.ide.editor.tabs.TabbedEditor$TabbedEditorState">
          <memento saveSessionState="false" viewPositionX="0" viewPositionY="0">
            <selectionStack>
              <stackElement className="jetbrains.mps.nodeEditor.selection.EditorCellLabelSelection">
                <property name="hasNonTrivialSelection" value="false" />
                <property name="caretX" value="255" />
                <property name="caretXRelative" value="80" />
                <property name="sideSelectDirection" value="NONE" />
                <cellInfo cellId="ALIAS_EDITOR_COMPONENT">
                  <node node_reference="r:e54ff144-e3d1-4174-801b-c2b4ec718344(Mobile_language.constraints)/3185493342858316334" />
                </cellInfo>
              </stackElement>
            </selectionStack>
            <errorMarkers />
            <transactionalProperties />
            <foldable>
              <collapsedElement isCollapsed="false">
                <cellIdElement cellId="Collection_trik0f_b0">
                  <node node_reference="r:e54ff144-e3d1-4174-801b-c2b4ec718344(Mobile_language.constraints)/3185493342857636022" />
                </cellIdElement>
              </collapsedElement>
              <collapsedElement isCollapsed="false">
                <cellIdElement cellId="Collection_trik0f_b0">
                  <node node_reference="r:e54ff144-e3d1-4174-801b-c2b4ec718344(Mobile_language.constraints)/3185493342857636015" />
                </cellIdElement>
              </collapsedElement>
              <collapsedElement isCollapsed="false">
                <cellIdElement cellId="Collection_trik0f_b0">
                  <node node_reference="r:e54ff144-e3d1-4174-801b-c2b4ec718344(Mobile_language.constraints)/3185493342857631800" />
                </cellIdElement>
              </collapsedElement>
            </foldable>
            <restoreAlways>
              <collapsedElement isCollapsed="false">
                <cellIdElement cellId="Collection_trik0f_b0">
                  <node node_reference="r:e54ff144-e3d1-4174-801b-c2b4ec718344(Mobile_language.constraints)/3185493342857636022" />
                </cellIdElement>
              </collapsedElement>
            </restoreAlways>
          </memento>
          <inspectorMemento currentlyEditedNode="r:dad244af-33cd-42a3-a6ad-306df5e2797f(Mobile_language.structure)/6924493648261517114" saveSessionState="false" viewPositionX="0" viewPositionY="0">
            <selectionStack />
            <errorMarkers />
            <transactionalProperties />
            <foldable />
            <restoreAlways />
            <enabledHints />
          </inspectorMemento>
          <node node_ref="r:e54ff144-e3d1-4174-801b-c2b4ec718344(Mobile_language.constraints)/3185493342857631799" />
        </state>
      </provider>
    </entry>
    <entry file="mps://node://Mobile_language#4160282296008658866/main@generator/main">
      <provider selected="true" editor-type-id="MPSFileEditor">
        <state class="jetbrains.mps.ide.editor.BaseNodeEditor$BaseEditorState">
          <memento saveSessionState="false" viewPositionX="0" viewPositionY="0">
            <selectionStack>
              <stackElement className="jetbrains.mps.nodeEditor.selection.EditorCellLabelSelection">
                <property name="hasNonTrivialSelection" value="false" />
                <property name="caretX" value="353" />
                <property name="caretXRelative" value="80" />
                <property name="sideSelectDirection" value="NONE" />
                <cellInfo cellId="templateName">
                  <node node_reference="r:6298043a-01ec-4c67-bce7-297f1f8ca6af(main@generator)/4160282296008733840" />
                </cellInfo>
              </stackElement>
            </selectionStack>
            <errorMarkers />
            <transactionalProperties />
            <foldable>
              <collapsedElement isCollapsed="false">
                <cellIdElement cellId="refNodeList_dropAttrubuteRule">
                  <node node_reference="r:6298043a-01ec-4c67-bce7-297f1f8ca6af(main@generator)/4160282296008658867" />
                </cellIdElement>
              </collapsedElement>
            </foldable>
            <restoreAlways />
          </memento>
          <inspectorMemento currentlyEditedNode="r:dad244af-33cd-42a3-a6ad-306df5e2797f(Mobile_language.structure)/5237753347518501002" saveSessionState="false" viewPositionX="0" viewPositionY="0">
            <selectionStack />
            <errorMarkers />
            <transactionalProperties />
            <foldable />
            <restoreAlways />
            <enabledHints />
          </inspectorMemento>
        </state>
      </provider>
    </entry>
    <entry file="mps://node://Mobile_language.sandbox/Mobile_language.sandbox/MobileDesigner" />
    <entry file="mps://node://Mobile_language.sandbox/Mobile_language.sandbox/CostOfMobile" />
    <entry file="file://$PROJECT_DIR$/languages/NewLanguage/sandbox/source_gen/Mobile_language/sandbox/CostofMobile.java">
      <provider selected="true" editor-type-id="text-editor">
        <state relative-caret-position="4131">
          <caret line="243" column="25" selection-start-line="243" selection-start-column="25" selection-end-line="243" selection-end-column="25" />
        </state>
      </provider>
    </entry>
    <entry file="file://$PROJECT_DIR$/languages/NewLanguage/sandbox/source_gen/Mobile_language/sandbox/MobileDesigner.java" />
    <entry file="mps://node://Mobile_language/Mobile_language.structure/ConnectivityType">
      <provider selected="true" editor-type-id="MPSFileEditor">
        <state class="jetbrains.mps.ide.editor.tabs.TabbedEditor$TabbedEditorState">
          <memento saveSessionState="false" viewPositionX="0" viewPositionY="0">
            <selectionStack>
              <stackElement className="jetbrains.mps.nodeEditor.selection.EditorCellLabelSelection">
                <property name="hasNonTrivialSelection" value="false" />
                <property name="caretX" value="71" />
                <property name="caretXRelative" value="56" />
                <property name="sideSelectDirection" value="NONE" />
                <cellInfo cellId="Constant_ueqr71_c0a">
                  <node node_reference="r:dad244af-33cd-42a3-a6ad-306df5e2797f(Mobile_language.structure)/8581169171147654372" />
                </cellInfo>
              </stackElement>
            </selectionStack>
            <errorMarkers />
            <transactionalProperties />
            <foldable />
            <restoreAlways />
          </memento>
          <inspectorMemento currentlyEditedNode="r:6298043a-01ec-4c67-bce7-297f1f8ca6af(main@generator)/4160282296008733754" saveSessionState="false" viewPositionX="0" viewPositionY="0">
            <selectionStack />
            <errorMarkers />
            <transactionalProperties />
            <foldable />
            <restoreAlways />
            <enabledHints />
          </inspectorMemento>
          <node node_ref="r:dad244af-33cd-42a3-a6ad-306df5e2797f(Mobile_language.structure)/8581169171147654372" />
        </state>
      </provider>
    </entry>
    <entry file="mps://node://Mobile_language/Mobile_language.structure/OSType">
      <provider selected="true" editor-type-id="MPSFileEditor">
        <state class="jetbrains.mps.ide.editor.tabs.TabbedEditor$TabbedEditorState">
          <memento saveSessionState="false" viewPositionX="0" viewPositionY="0">
            <selectionStack>
              <stackElement className="jetbrains.mps.nodeEditor.selection.EditorCellLabelSelection">
                <property name="hasNonTrivialSelection" value="false" />
                <property name="caretX" value="71" />
                <property name="caretXRelative" value="56" />
                <property name="sideSelectDirection" value="NONE" />
                <cellInfo cellId="Constant_ueqr71_c0a">
                  <node node_reference="r:dad244af-33cd-42a3-a6ad-306df5e2797f(Mobile_language.structure)/6924493648261517114" />
                </cellInfo>
              </stackElement>
            </selectionStack>
            <errorMarkers />
            <transactionalProperties />
            <foldable />
            <restoreAlways />
          </memento>
          <inspectorMemento currentlyEditedNode="r:6298043a-01ec-4c67-bce7-297f1f8ca6af(main@generator)/4160282296008733754" saveSessionState="false" viewPositionX="0" viewPositionY="0">
            <selectionStack />
            <errorMarkers />
            <transactionalProperties />
            <foldable />
            <restoreAlways />
            <enabledHints />
          </inspectorMemento>
          <node node_ref="r:dad244af-33cd-42a3-a6ad-306df5e2797f(Mobile_language.structure)/6924493648261517114" />
        </state>
      </provider>
    </entry>
    <entry file="mps://node://jetbrains.mps.lang.core/jetbrains.mps.lang.core.structure/BaseConcept">
      <provider selected="true" editor-type-id="MPSFileEditor">
        <state class="jetbrains.mps.ide.editor.tabs.TabbedEditor$TabbedEditorState">
          <memento saveSessionState="false" viewPositionX="0" viewPositionY="0">
            <selectionStack>
              <stackElement className="jetbrains.mps.nodeEditor.selection.EditorCellLabelSelection">
                <property name="hasNonTrivialSelection" value="false" />
                <property name="caretX" value="239" />
                <property name="caretXRelative" value="88" />
                <property name="sideSelectDirection" value="NONE" />
                <cellInfo cellId="name">
                  <node node_reference="r:00000000-0000-4000-0000-011c89590288(jetbrains.mps.lang.core.structure)/1133920641626" />
                </cellInfo>
              </stackElement>
            </selectionStack>
            <errorMarkers />
            <transactionalProperties />
            <foldable />
            <restoreAlways />
          </memento>
          <inspectorMemento currentlyEditedNode="r:00000000-0000-4000-0000-011c89590288(jetbrains.mps.lang.core.structure)/1133920641626" saveSessionState="false" viewPositionX="0" viewPositionY="0">
            <selectionStack />
            <errorMarkers />
            <transactionalProperties />
            <foldable />
            <restoreAlways />
            <enabledHints />
          </inspectorMemento>
          <node node_ref="r:00000000-0000-4000-0000-011c89590288(jetbrains.mps.lang.core.structure)/1133920641626" />
        </state>
      </provider>
    </entry>
    <entry file="mps://node://Mobile_language/Mobile_language.structure/Battery">
      <provider selected="true" editor-type-id="MPSFileEditor">
        <state class="jetbrains.mps.ide.editor.tabs.TabbedEditor$TabbedEditorState">
          <memento saveSessionState="false" viewPositionX="0" viewPositionY="0">
            <selectionStack>
              <stackElement className="jetbrains.mps.nodeEditor.selection.EditorCellSelection">
                <property name="caretX" value="0" />
                <property name="caretXRelative" value="-31" />
                <property name="sideSelectDirection" value="NONE" />
                <cellInfo cellId="Collection_6h6dhy_a">
                  <node node_reference="r:dad244af-33cd-42a3-a6ad-306df5e2797f(Mobile_language.structure)/8581169171146337156" />
                </cellInfo>
              </stackElement>
            </selectionStack>
            <errorMarkers />
            <transactionalProperties />
            <foldable />
            <restoreAlways />
          </memento>
          <inspectorMemento currentlyEditedNode="r:dad244af-33cd-42a3-a6ad-306df5e2797f(Mobile_language.structure)/8581169171146337156" saveSessionState="false" viewPositionX="0" viewPositionY="0">
            <selectionStack />
            <errorMarkers />
            <transactionalProperties />
            <foldable />
            <restoreAlways />
            <enabledHints />
          </inspectorMemento>
          <node node_ref="r:dad244af-33cd-42a3-a6ad-306df5e2797f(Mobile_language.structure)/8581169171146337067" />
        </state>
      </provider>
    </entry>
    <entry file="mps://node://Mobile_language/Mobile_language.structure/BatteryType">
      <provider selected="true" editor-type-id="MPSFileEditor">
        <state class="jetbrains.mps.ide.editor.tabs.TabbedEditor$TabbedEditorState">
          <memento saveSessionState="false" viewPositionX="0" viewPositionY="0">
            <selectionStack>
              <stackElement className="jetbrains.mps.nodeEditor.selection.EditorCellLabelSelection">
                <property name="hasNonTrivialSelection" value="false" />
                <property name="caretX" value="71" />
                <property name="caretXRelative" value="56" />
                <property name="sideSelectDirection" value="NONE" />
                <cellInfo cellId="Constant_ueqr71_c0a">
                  <node node_reference="r:dad244af-33cd-42a3-a6ad-306df5e2797f(Mobile_language.structure)/8581169171146337124" />
                </cellInfo>
              </stackElement>
            </selectionStack>
            <errorMarkers />
            <transactionalProperties />
            <foldable />
            <restoreAlways />
          </memento>
          <inspectorMemento currentlyEditedNode="r:6298043a-01ec-4c67-bce7-297f1f8ca6af(main@generator)/4160282296008733754" saveSessionState="false" viewPositionX="0" viewPositionY="0">
            <selectionStack />
            <errorMarkers />
            <transactionalProperties />
            <foldable />
            <restoreAlways />
            <enabledHints />
          </inspectorMemento>
          <node node_ref="r:dad244af-33cd-42a3-a6ad-306df5e2797f(Mobile_language.structure)/8581169171146337124" />
        </state>
      </provider>
    </entry>
    <entry file="mps://node://Mobile_language/Mobile_language.structure/ProcessorType">
      <provider selected="true" editor-type-id="MPSFileEditor">
        <state class="jetbrains.mps.ide.editor.tabs.TabbedEditor$TabbedEditorState">
          <memento saveSessionState="false" viewPositionX="0" viewPositionY="0">
            <selectionStack>
              <stackElement className="jetbrains.mps.nodeEditor.selection.EditorCellLabelSelection">
                <property name="hasNonTrivialSelection" value="false" />
                <property name="caretX" value="183" />
                <property name="caretXRelative" value="0" />
                <property name="sideSelectDirection" value="NONE" />
                <cellInfo cellId="property_conceptShortDescription">
                  <node node_reference="r:dad244af-33cd-42a3-a6ad-306df5e2797f(Mobile_language.structure)/8581169171145223015" />
                </cellInfo>
              </stackElement>
            </selectionStack>
            <errorMarkers />
            <transactionalProperties />
            <foldable />
            <restoreAlways />
          </memento>
          <inspectorMemento currentlyEditedNode="r:6298043a-01ec-4c67-bce7-297f1f8ca6af(main@generator)/4160282296008733754" saveSessionState="false" viewPositionX="0" viewPositionY="0">
            <selectionStack />
            <errorMarkers />
            <transactionalProperties />
            <foldable />
            <restoreAlways />
            <enabledHints />
          </inspectorMemento>
          <node node_ref="r:dad244af-33cd-42a3-a6ad-306df5e2797f(Mobile_language.structure)/8581169171145223015" />
        </state>
      </provider>
    </entry>
    <entry file="mps://node://Mobile_language/Mobile_language.structure/&lt;no name&gt;[ConceptDeclaration]" />
    <entry file="mps://node://Mobile_language/Mobile_language.structure/Camera">
      <provider selected="true" editor-type-id="MPSFileEditor">
        <state class="jetbrains.mps.ide.editor.tabs.TabbedEditor$TabbedEditorState">
          <memento saveSessionState="false" viewPositionX="0" viewPositionY="0">
            <selectionStack>
              <stackElement className="jetbrains.mps.nodeEditor.selection.EditorCellLabelSelection">
                <property name="hasNonTrivialSelection" value="false" />
                <property name="caretX" value="71" />
                <property name="caretXRelative" value="56" />
                <property name="sideSelectDirection" value="NONE" />
                <cellInfo cellId="Constant_ueqr71_c0a">
                  <node node_reference="r:dad244af-33cd-42a3-a6ad-306df5e2797f(Mobile_language.structure)/8581169171145800068" />
                </cellInfo>
              </stackElement>
            </selectionStack>
            <errorMarkers />
            <transactionalProperties />
            <foldable />
            <restoreAlways />
          </memento>
          <inspectorMemento currentlyEditedNode="r:6298043a-01ec-4c67-bce7-297f1f8ca6af(main@generator)/4160282296008733754" saveSessionState="false" viewPositionX="0" viewPositionY="0">
            <selectionStack />
            <errorMarkers />
            <transactionalProperties />
            <foldable />
            <restoreAlways />
            <enabledHints />
          </inspectorMemento>
          <node node_ref="r:dad244af-33cd-42a3-a6ad-306df5e2797f(Mobile_language.structure)/8581169171145800068" />
        </state>
      </provider>
    </entry>
    <entry file="mps://node://Mobile_language/Mobile_language.structure/&lt;no name&gt;[ConceptDeclaration]" />
    <entry file="mps://node://Mobile_language/Mobile_language.structure/Performance">
      <provider selected="true" editor-type-id="MPSFileEditor">
        <state class="jetbrains.mps.ide.editor.tabs.TabbedEditor$TabbedEditorState">
          <memento saveSessionState="false" viewPositionX="0" viewPositionY="0">
            <selectionStack>
              <stackElement className="jetbrains.mps.nodeEditor.selection.EditorCellLabelSelection">
                <property name="hasNonTrivialSelection" value="false" />
                <property name="caretX" value="63" />
                <property name="caretXRelative" value="48" />
                <property name="sideSelectDirection" value="NONE" />
                <cellInfo cellId="ALIAS_EDITOR_COMPONENT">
                  <node node_reference="r:6298043a-01ec-4c67-bce7-297f1f8ca6af(main@generator)/5237753347520371893" />
                </cellInfo>
              </stackElement>
            </selectionStack>
            <errorMarkers />
            <transactionalProperties />
            <foldable>
              <collapsedElement isCollapsed="false">
                <cellIdElement cellId="Collection_fao2ea_a">
                  <node node_reference="r:6298043a-01ec-4c67-bce7-297f1f8ca6af(main@generator)/5237753347520462685" />
                </cellIdElement>
              </collapsedElement>
              <collapsedElement isCollapsed="false">
                <cellIdElement cellId="Collection_msf9u8_b0">
                  <node node_reference="r:6298043a-01ec-4c67-bce7-297f1f8ca6af(main@generator)/5237753347520462683" />
                </cellIdElement>
              </collapsedElement>
              <collapsedElement isCollapsed="false">
                <cellIdElement cellId="Collection_fao2ea_a">
                  <node node_reference="r:6298043a-01ec-4c67-bce7-297f1f8ca6af(main@generator)/5237753347520965204" />
                </cellIdElement>
              </collapsedElement>
              <collapsedElement isCollapsed="false">
                <cellIdElement cellId="Collection_fao2ea_a">
                  <node node_reference="r:6298043a-01ec-4c67-bce7-297f1f8ca6af(main@generator)/868459231870263137" />
                </cellIdElement>
              </collapsedElement>
              <collapsedElement isCollapsed="false">
                <cellIdElement cellId="Collection_fao2ea_a">
                  <node node_reference="r:6298043a-01ec-4c67-bce7-297f1f8ca6af(main@generator)/868459231870263129" />
                </cellIdElement>
              </collapsedElement>
              <collapsedElement isCollapsed="false">
                <cellIdElement cellId="Collection_fao2ea_a">
                  <node node_reference="r:6298043a-01ec-4c67-bce7-297f1f8ca6af(main@generator)/868459231870263121" />
                </cellIdElement>
              </collapsedElement>
              <collapsedElement isCollapsed="false">
                <cellIdElement cellId="Collection_msf9u8_b0">
                  <node node_reference="r:6298043a-01ec-4c67-bce7-297f1f8ca6af(main@generator)/5237753347520965202" />
                </cellIdElement>
              </collapsedElement>
              <collapsedElement isCollapsed="false">
                <cellIdElement cellId="Collection_msf9u8_b0">
                  <node node_reference="r:6298043a-01ec-4c67-bce7-297f1f8ca6af(main@generator)/868459231870263119" />
                </cellIdElement>
              </collapsedElement>
              <collapsedElement isCollapsed="false">
                <cellIdElement cellId="Collection_fao2ea_a">
                  <node node_reference="r:6298043a-01ec-4c67-bce7-297f1f8ca6af(main@generator)/5237753347520440023" />
                </cellIdElement>
              </collapsedElement>
              <collapsedElement isCollapsed="false">
                <cellIdElement cellId="Collection_fao2ea_a">
                  <node node_reference="r:6298043a-01ec-4c67-bce7-297f1f8ca6af(main@generator)/5237753347520947060" />
                </cellIdElement>
              </collapsedElement>
              <collapsedElement isCollapsed="false">
                <cellIdElement cellId="Collection_fao2ea_a">
                  <node node_reference="r:6298043a-01ec-4c67-bce7-297f1f8ca6af(main@generator)/5237753347520482239" />
                </cellIdElement>
              </collapsedElement>
            </foldable>
            <restoreAlways />
          </memento>
          <inspectorMemento currentlyEditedNode="r:6298043a-01ec-4c67-bce7-297f1f8ca6af(main@generator)/5237753347520371893" saveSessionState="false" viewPositionX="0" viewPositionY="0">
            <selectionStack />
            <errorMarkers />
            <transactionalProperties />
            <foldable />
            <restoreAlways />
            <enabledHints />
          </inspectorMemento>
          <node node_ref="r:6298043a-01ec-4c67-bce7-297f1f8ca6af(main@generator)/5237753347520371892" />
        </state>
      </provider>
    </entry>
    <entry file="mps://node://Mobile_language.sandbox/Mobile_language.sandbox/&lt;no name&gt;[Mobile]" />
    <entry file="mps://node://Mobile_language.sandbox/Mobile_language.sandbox/&lt;no name&gt;[Mobile]" />
    <entry file="mps://node://Mobile_language.sandbox/Mobile_language.sandbox/&lt;no name&gt;[Mobile]" />
    <entry file="mps://node://Mobile_language.sandbox/Mobile_language.sandbox/&lt;no name&gt;[Mobile]" />
    <entry file="mps://node://Mobile_language.sandbox/Mobile_language.sandbox/CostofMobile">
      <provider selected="true" editor-type-id="MPSFileEditor">
        <state class="jetbrains.mps.ide.editor.BaseNodeEditor$BaseEditorState">
          <memento saveSessionState="false" viewPositionX="0" viewPositionY="0">
            <selectionStack>
              <stackElement className="jetbrains.mps.nodeEditor.selection.EditorCellLabelSelection">
                <property name="hasNonTrivialSelection" value="false" />
                <property name="caretX" value="15" />
                <property name="caretXRelative" value="0" />
                <property name="sideSelectDirection" value="NONE" />
                <cellInfo cellId="Constant_jf865g_d0">
                  <node node_reference="r:b11cbd1c-9a19-4c05-a0d7-8e83939b9ec0(Mobile_language.sandbox)/6924493648261554679" />
                </cellInfo>
              </stackElement>
            </selectionStack>
            <errorMarkers>
              <errorMarker text="" propertyCell="true" cellId="property_Rating">
                <node node_reference="r:b11cbd1c-9a19-4c05-a0d7-8e83939b9ec0(Mobile_language.sandbox)/8581169171145058150" />
              </errorMarker>
              <errorMarker text="" propertyCell="true" cellId="property_Rating">
                <node node_reference="r:b11cbd1c-9a19-4c05-a0d7-8e83939b9ec0(Mobile_language.sandbox)/8581169171145058152" />
              </errorMarker>
              <errorMarker text="" propertyCell="true" cellId="property_Rating">
                <node node_reference="r:b11cbd1c-9a19-4c05-a0d7-8e83939b9ec0(Mobile_language.sandbox)/8581169171145179898" />
              </errorMarker>
              <errorMarker text="" propertyCell="true" cellId="property_Rating">
                <node node_reference="r:b11cbd1c-9a19-4c05-a0d7-8e83939b9ec0(Mobile_language.sandbox)/8581169171145179902" />
              </errorMarker>
              <errorMarker text="" propertyCell="true" cellId="property_Rating">
                <node node_reference="r:b11cbd1c-9a19-4c05-a0d7-8e83939b9ec0(Mobile_language.sandbox)/8581169171145179907" />
              </errorMarker>
              <errorMarker text="" propertyCell="true" cellId="property_Rating">
                <node node_reference="r:b11cbd1c-9a19-4c05-a0d7-8e83939b9ec0(Mobile_language.sandbox)/8581169171145179913" />
              </errorMarker>
              <errorMarker text="" propertyCell="true" cellId="property_Rating">
                <node node_reference="r:b11cbd1c-9a19-4c05-a0d7-8e83939b9ec0(Mobile_language.sandbox)/8581169171145179920" />
              </errorMarker>
              <errorMarker text="" propertyCell="true" cellId="property_Rating">
                <node node_reference="r:b11cbd1c-9a19-4c05-a0d7-8e83939b9ec0(Mobile_language.sandbox)/8581169171145347826" />
              </errorMarker>
              <errorMarker text="" propertyCell="true" cellId="property_Rating">
                <node node_reference="r:b11cbd1c-9a19-4c05-a0d7-8e83939b9ec0(Mobile_language.sandbox)/8581169171145347832" />
              </errorMarker>
              <errorMarker text="" propertyCell="true" cellId="property_Rating">
                <node node_reference="r:b11cbd1c-9a19-4c05-a0d7-8e83939b9ec0(Mobile_language.sandbox)/8581169171145347835" />
              </errorMarker>
              <errorMarker text="" propertyCell="true" cellId="property_Rating">
                <node node_reference="r:b11cbd1c-9a19-4c05-a0d7-8e83939b9ec0(Mobile_language.sandbox)/8581169171145347839" />
              </errorMarker>
              <errorMarker text="" propertyCell="true" cellId="property_Rating">
                <node node_reference="r:b11cbd1c-9a19-4c05-a0d7-8e83939b9ec0(Mobile_language.sandbox)/8581169171145347844" />
              </errorMarker>
              <errorMarker text="" propertyCell="true" cellId="property_Rating">
                <node node_reference="r:b11cbd1c-9a19-4c05-a0d7-8e83939b9ec0(Mobile_language.sandbox)/8581169171145347850" />
              </errorMarker>
              <errorMarker text="" propertyCell="true" cellId="property_Rating">
                <node node_reference="r:b11cbd1c-9a19-4c05-a0d7-8e83939b9ec0(Mobile_language.sandbox)/8581169171146947001" />
              </errorMarker>
              <errorMarker text="" propertyCell="true" cellId="property_Rating">
                <node node_reference="r:b11cbd1c-9a19-4c05-a0d7-8e83939b9ec0(Mobile_language.sandbox)/8581169171146947003" />
              </errorMarker>
              <errorMarker text="" propertyCell="true" cellId="property_Rating">
                <node node_reference="r:b11cbd1c-9a19-4c05-a0d7-8e83939b9ec0(Mobile_language.sandbox)/8581169171146947006" />
              </errorMarker>
              <errorMarker text="" propertyCell="true" cellId="property_Rating">
                <node node_reference="r:b11cbd1c-9a19-4c05-a0d7-8e83939b9ec0(Mobile_language.sandbox)/8581169171146947010" />
              </errorMarker>
              <errorMarker text="" propertyCell="true" cellId="property_Rating">
                <node node_reference="r:b11cbd1c-9a19-4c05-a0d7-8e83939b9ec0(Mobile_language.sandbox)/8581169171146947015" />
              </errorMarker>
              <errorMarker text="" propertyCell="true" cellId="property_Rating">
                <node node_reference="r:b11cbd1c-9a19-4c05-a0d7-8e83939b9ec0(Mobile_language.sandbox)/8581169171146947021" />
              </errorMarker>
              <errorMarker text="" propertyCell="true" cellId="property_Rating">
                <node node_reference="r:b11cbd1c-9a19-4c05-a0d7-8e83939b9ec0(Mobile_language.sandbox)/8581169171146947028" />
              </errorMarker>
              <errorMarker text="" propertyCell="true" cellId="property_Rating">
                <node node_reference="r:b11cbd1c-9a19-4c05-a0d7-8e83939b9ec0(Mobile_language.sandbox)/8581169171146947036" />
              </errorMarker>
            </errorMarkers>
            <transactionalProperties />
            <foldable />
            <restoreAlways />
          </memento>
          <inspectorMemento currentlyEditedNode="r:b11cbd1c-9a19-4c05-a0d7-8e83939b9ec0(Mobile_language.sandbox)/6924493648261554679" saveSessionState="false" viewPositionX="0" viewPositionY="0">
            <selectionStack />
            <errorMarkers />
            <transactionalProperties />
            <foldable />
            <restoreAlways />
            <enabledHints />
          </inspectorMemento>
        </state>
      </provider>
    </entry>
    <entry file="mps://node://Mobile_language.sandbox/Mobile_language.sandbox/PerformanceMatrix">
      <provider selected="true" editor-type-id="MPSFileEditor">
        <state class="jetbrains.mps.ide.editor.BaseNodeEditor$BaseEditorState" editorFocused="true">
          <memento saveSessionState="false" viewPositionX="0" viewPositionY="0">
            <selectionStack>
              <stackElement className="jetbrains.mps.nodeEditor.selection.EditorCellLabelSelection">
                <property name="hasNonTrivialSelection" value="false" />
                <property name="caretX" value="295" />
                <property name="caretXRelative" value="8" />
                <property name="sideSelectDirection" value="NONE" />
                <cellInfo cellId="property_Rating">
                  <node node_reference="r:b11cbd1c-9a19-4c05-a0d7-8e83939b9ec0(Mobile_language.sandbox)/6237545208771908672" />
                </cellInfo>
              </stackElement>
            </selectionStack>
            <errorMarkers>
              <errorMarker text="" propertyCell="true" cellId="property_Price">
                <node node_reference="r:b11cbd1c-9a19-4c05-a0d7-8e83939b9ec0(Mobile_language.sandbox)/6237545208771908623" />
              </errorMarker>
              <errorMarker text="" propertyCell="true" cellId="property_Price">
                <node node_reference="r:b11cbd1c-9a19-4c05-a0d7-8e83939b9ec0(Mobile_language.sandbox)/6237545208771908625" />
              </errorMarker>
              <errorMarker text="" propertyCell="true" cellId="property_Price">
                <node node_reference="r:b11cbd1c-9a19-4c05-a0d7-8e83939b9ec0(Mobile_language.sandbox)/6237545208771908628" />
              </errorMarker>
              <errorMarker text="" propertyCell="true" cellId="property_Price">
                <node node_reference="r:b11cbd1c-9a19-4c05-a0d7-8e83939b9ec0(Mobile_language.sandbox)/6237545208771908632" />
              </errorMarker>
              <errorMarker text="" propertyCell="true" cellId="property_Price">
                <node node_reference="r:b11cbd1c-9a19-4c05-a0d7-8e83939b9ec0(Mobile_language.sandbox)/6237545208771908637" />
              </errorMarker>
              <errorMarker text="" propertyCell="true" cellId="property_Price">
                <node node_reference="r:b11cbd1c-9a19-4c05-a0d7-8e83939b9ec0(Mobile_language.sandbox)/6237545208771908643" />
              </errorMarker>
              <errorMarker text="" propertyCell="true" cellId="property_Price">
                <node node_reference="r:b11cbd1c-9a19-4c05-a0d7-8e83939b9ec0(Mobile_language.sandbox)/6237545208771908650" />
              </errorMarker>
              <errorMarker text="" propertyCell="true" cellId="property_Price">
                <node node_reference="r:b11cbd1c-9a19-4c05-a0d7-8e83939b9ec0(Mobile_language.sandbox)/6237545208771908658" />
              </errorMarker>
              <errorMarker text="" propertyCell="true" cellId="property_Price">
                <node node_reference="r:b11cbd1c-9a19-4c05-a0d7-8e83939b9ec0(Mobile_language.sandbox)/6237545208771908660" />
              </errorMarker>
              <errorMarker text="" propertyCell="true" cellId="property_Price">
                <node node_reference="r:b11cbd1c-9a19-4c05-a0d7-8e83939b9ec0(Mobile_language.sandbox)/6237545208771908663" />
              </errorMarker>
              <errorMarker text="" propertyCell="true" cellId="property_Price">
                <node node_reference="r:b11cbd1c-9a19-4c05-a0d7-8e83939b9ec0(Mobile_language.sandbox)/6237545208771908667" />
              </errorMarker>
              <errorMarker text="" propertyCell="true" cellId="property_Price">
                <node node_reference="r:b11cbd1c-9a19-4c05-a0d7-8e83939b9ec0(Mobile_language.sandbox)/6237545208771908672" />
              </errorMarker>
              <errorMarker text="" propertyCell="true" cellId="property_Price">
                <node node_reference="r:b11cbd1c-9a19-4c05-a0d7-8e83939b9ec0(Mobile_language.sandbox)/6237545208771908678" />
              </errorMarker>
              <errorMarker text="" propertyCell="true" cellId="property_Price">
                <node node_reference="r:b11cbd1c-9a19-4c05-a0d7-8e83939b9ec0(Mobile_language.sandbox)/6237545208771908685" />
              </errorMarker>
              <errorMarker text="" propertyCell="true" cellId="property_Price">
                <node node_reference="r:b11cbd1c-9a19-4c05-a0d7-8e83939b9ec0(Mobile_language.sandbox)/6237545208771908687" />
              </errorMarker>
              <errorMarker text="" propertyCell="true" cellId="property_Price">
                <node node_reference="r:b11cbd1c-9a19-4c05-a0d7-8e83939b9ec0(Mobile_language.sandbox)/6237545208771908690" />
              </errorMarker>
              <errorMarker text="" propertyCell="true" cellId="property_Price">
                <node node_reference="r:b11cbd1c-9a19-4c05-a0d7-8e83939b9ec0(Mobile_language.sandbox)/6237545208771908694" />
              </errorMarker>
              <errorMarker text="" propertyCell="true" cellId="property_Price">
                <node node_reference="r:b11cbd1c-9a19-4c05-a0d7-8e83939b9ec0(Mobile_language.sandbox)/6237545208771908699" />
              </errorMarker>
              <errorMarker text="" propertyCell="true" cellId="property_Price">
                <node node_reference="r:b11cbd1c-9a19-4c05-a0d7-8e83939b9ec0(Mobile_language.sandbox)/6237545208771908705" />
              </errorMarker>
              <errorMarker text="" propertyCell="true" cellId="property_Price">
                <node node_reference="r:b11cbd1c-9a19-4c05-a0d7-8e83939b9ec0(Mobile_language.sandbox)/6237545208771908712" />
              </errorMarker>
              <errorMarker text="" propertyCell="true" cellId="property_Price">
                <node node_reference="r:b11cbd1c-9a19-4c05-a0d7-8e83939b9ec0(Mobile_language.sandbox)/6237545208771908720" />
              </errorMarker>
            </errorMarkers>
            <transactionalProperties />
            <foldable />
            <restoreAlways />
          </memento>
          <inspectorMemento currentlyEditedNode="r:b11cbd1c-9a19-4c05-a0d7-8e83939b9ec0(Mobile_language.sandbox)/6237545208771908672" saveSessionState="false" viewPositionX="0" viewPositionY="0">
            <selectionStack />
            <errorMarkers />
            <transactionalProperties />
            <foldable />
            <restoreAlways />
            <enabledHints />
          </inspectorMemento>
        </state>
      </provider>
    </entry>
    <entry file="mps://node://Mobile_language/Mobile_language.structure/InputFeatureReference">
      <provider selected="true" editor-type-id="MPSFileEditor">
        <state class="jetbrains.mps.ide.editor.tabs.TabbedEditor$TabbedEditorState" editorFocused="true">
          <memento saveSessionState="false" viewPositionX="0" viewPositionY="0">
            <selectionStack>
              <stackElement className="jetbrains.mps.nodeEditor.selection.EditorCellLabelSelection">
                <property name="hasNonTrivialSelection" value="false" />
                <property name="caretX" value="71" />
                <property name="caretXRelative" value="56" />
                <property name="sideSelectDirection" value="NONE" />
                <cellInfo cellId="Constant_ueqr71_c0a">
                  <node node_reference="r:dad244af-33cd-42a3-a6ad-306df5e2797f(Mobile_language.structure)/4160282296008709586" />
                </cellInfo>
              </stackElement>
            </selectionStack>
            <errorMarkers />
            <transactionalProperties />
            <foldable />
            <restoreAlways />
          </memento>
          <inspectorMemento currentlyEditedNode="r:dad244af-33cd-42a3-a6ad-306df5e2797f(Mobile_language.structure)/4160282296008709586" saveSessionState="false" viewPositionX="0" viewPositionY="0">
            <selectionStack />
            <errorMarkers />
            <transactionalProperties />
            <foldable />
            <restoreAlways />
            <enabledHints />
          </inspectorMemento>
          <node node_ref="r:dad244af-33cd-42a3-a6ad-306df5e2797f(Mobile_language.structure)/4160282296008709586" />
        </state>
      </provider>
    </entry>
    <entry file="mps://node://Mobile_language/Mobile_language.structure/InputFeature">
      <provider selected="true" editor-type-id="MPSFileEditor">
        <state class="jetbrains.mps.ide.editor.tabs.TabbedEditor$TabbedEditorState" editorFocused="true">
          <memento saveSessionState="false" viewPositionX="0" viewPositionY="0">
            <selectionStack>
              <stackElement className="jetbrains.mps.nodeEditor.selection.EditorCellLabelSelection">
                <property name="hasNonTrivialSelection" value="false" />
                <property name="caretX" value="71" />
                <property name="caretXRelative" value="56" />
                <property name="sideSelectDirection" value="NONE" />
                <cellInfo cellId="Constant_ueqr71_c0a">
                  <node node_reference="r:dad244af-33cd-42a3-a6ad-306df5e2797f(Mobile_language.structure)/4160282296008689762" />
                </cellInfo>
              </stackElement>
            </selectionStack>
            <errorMarkers />
            <transactionalProperties />
            <foldable />
            <restoreAlways />
          </memento>
          <inspectorMemento currentlyEditedNode="r:dad244af-33cd-42a3-a6ad-306df5e2797f(Mobile_language.structure)/4160282296008689762" saveSessionState="false" viewPositionX="0" viewPositionY="0">
            <selectionStack />
            <errorMarkers />
            <transactionalProperties />
            <foldable />
            <restoreAlways />
            <enabledHints />
          </inspectorMemento>
          <node node_ref="r:dad244af-33cd-42a3-a6ad-306df5e2797f(Mobile_language.structure)/4160282296008689762" />
        </state>
      </provider>
    </entry>
    <entry file="mps://node://Mobile_language/Mobile_language.structure/DisplayType">
      <provider selected="true" editor-type-id="MPSFileEditor">
        <state class="jetbrains.mps.ide.editor.tabs.TabbedEditor$TabbedEditorState" editorFocused="true">
          <memento saveSessionState="false" viewPositionX="0" viewPositionY="0">
            <selectionStack>
              <stackElement className="jetbrains.mps.nodeEditor.selection.EditorCellLabelSelection">
                <property name="hasNonTrivialSelection" value="false" />
                <property name="caretX" value="335" />
                <property name="caretXRelative" value="88" />
                <property name="sideSelectDirection" value="NONE" />
                <cellInfo cellId="property_name">
                  <node node_reference="r:7f98ed50-824f-4790-9e8c-6db9fc00e025(Mobile_language.editor)/8581169171144408724" />
                </cellInfo>
              </stackElement>
            </selectionStack>
            <errorMarkers />
            <transactionalProperties />
            <foldable />
            <restoreAlways />
          </memento>
          <inspectorMemento currentlyEditedNode="r:7f98ed50-824f-4790-9e8c-6db9fc00e025(Mobile_language.editor)/8581169171144408724" saveSessionState="false" viewPositionX="0" viewPositionY="0">
            <selectionStack />
            <errorMarkers />
            <transactionalProperties />
            <foldable />
            <restoreAlways />
            <enabledHints />
          </inspectorMemento>
          <node node_ref="r:7f98ed50-824f-4790-9e8c-6db9fc00e025(Mobile_language.editor)/8581169171144408724" />
        </state>
      </provider>
    </entry>
    <entry file="mps://node://Mobile_language/Mobile_language.structure/Mobile">
      <provider selected="true" editor-type-id="MPSFileEditor">
        <state class="jetbrains.mps.ide.editor.tabs.TabbedEditor$TabbedEditorState">
          <node />
        </state>
      </provider>
    </entry>
  </component>
</project>